TDSFU Daily run: Sun Oct 19 21:03:52 UTC 2025 TDSFU
TDSFU Daily run: Mon Oct 20 04:39:30 UTC 2025 TDSFU
TDSFU Daily run: Tue Oct 21 04:36:24 UTC 2025 TDSFU
TDSFU Daily run: Wed Oct 22 04:38:04 UTC 2025 TDSFU
TDSFU Daily run: Thu Oct 23 04:35:52 UTC 2025 TDSFU
TDSFU Daily run: Fri Oct 24 04:35:25 UTC 2025 TDSFU
TDSFU Daily run: Sat Oct 25 04:34:39 UTC 2025 TDSFU
TDSFU Daily run: Sun Oct 26 04:34:06 UTC 2025 TDSFU
TDSFU Daily run: Mon Oct 27 04:43:28 UTC 2025 TDSFU
TDSFU Daily run: Tue Oct 28 04:37:03 UTC 2025 TDSFU
TDSFU Daily run: Wed Oct 29 04:42:04 UTC 2025 TDSFU
TDSFU Daily run: Thu Oct 30 04:35:55 UTC 2025 TDSFU
TDSFU Daily run: Fri Oct 31 04:46:38 UTC 2025 TDSFU
TDSFU Daily run: Sat Nov  1 04:34:07 UTC 2025 TDSFU
TDSFU Daily run: Sun Nov  2 04:36:09 UTC 2025 TDSFU
TDSFU Daily run: Mon Nov  3 04:43:02 UTC 2025 TDSFU
